[{"id":"18","type":"book","title":"Voluptatem proident","firstname":"Saroj","mainname":"Ghising","price":"562","numpages":"76"},{"id":19,"type":"game","title":"Laudantium adipisic","firstname":"Miriam","mainname":"Flowers","price":"420","playlength":"89","numpages":"90"},{"id":21,"type":"game","title":"Hic qui iusto sit s","firstname":"Calvin","mainname":"Terry","price":"598","numpages":"39"},{"id":22,"type":"cd","title":"Rerum eaque alias ne","firstname":"Dacey","mainname":"Hopkins","price":"169","playlength":"36"},{"id":23,"type":"cd","title":"Ut minim qui archite","firstname":"Karen","mainname":"Henry","price":"195","playlength":"31"}]